idx,chain,chip,bit,blob_n,cx_pct,cy_pct,area
8,0,0,8,0,96.8,0.23,68
9,0,0,9,0,95.8,0.18,84
10,0,0,10,0,95.74,0.2,88
11,0,0,11,0,96.05,0.17,76
12,0,0,12,0,96.06,0.19,80
13,0,0,13,0,95.81,0.27,96
14,0,0,14,0,96.84,0.2,64
21,0,1,5,0,88.56,10.49,2420
22,0,1,6,0,88.43,10.48,2416
23,0,1,7,0,87.71,10.78,1460
23,0,1,7,1,84.69,10.9,16
24,0,1,8,0,87.71,10.93,1436
24,0,1,8,1,93.44,10.68,24
24,0,1,8,2,90.1,18.7,24
25,0,1,9,0,89.03,11.04,1616
26,0,1,10,0,88.91,10.8,2328
27,0,1,11,0,89.01,11.31,2676
27,0,1,11,1,86.96,19.6,28
28,0,1,12,0,96.46,22.37,188
28,0,1,12,1,90.51,19.11,148
28,0,1,12,2,85.73,20.37,72
28,0,1,12,3,97.5,16.67,20
28,0,1,12,4,94.88,17.82,20
28,0,1,12,5,87.81,15.71,16
28,0,1,12,6,81.72,17.15,16
29,0,1,13,0,94.21,18.32,288
29,0,1,13,1,95.68,22.5,168
29,0,1,13,2,82.1,16.3,56
30,0,1,14,0,96.05,27.98,128
30,0,1,14,1,88.12,25.48,16
31,0,1,15,0,94.44,27.89,388
31,0,1,15,1,86.25,27.44,40
32,0,2,0,0,95.11,28.23,232
32,0,2,0,1,97.81,32.88,40
33,0,2,1,0,89.41,28.42,2704
34,0,2,2,0,89.92,28.16,2264
34,0,2,2,1,82.66,27.0,32
34,0,2,2,2,85.25,25.13,20
35,0,2,3,0,89.33,28.38,2604
36,0,2,4,0,89.41,28.5,2624
37,0,2,5,0,89.21,28.54,2564
38,0,2,6,0,89.34,28.52,2572
39,0,2,7,0,89.23,28.64,2500
40,0,2,8,0,89.44,28.65,2304
45,0,2,13,0,89.74,49.41,2608
46,0,2,14,0,89.78,49.5,2512
47,0,2,15,0,89.65,49.5,2516
48,0,3,0,0,89.61,49.4,2524
49,0,3,1,0,89.73,49.47,2532
50,0,3,2,0,89.79,49.46,2528
51,0,3,3,0,89.71,49.44,2472
52,0,3,4,0,89.68,49.47,2596
60,0,3,12,0,90.26,72.25,2436
61,0,3,13,0,90.21,72.25,2452
62,0,3,14,0,90.35,72.14,2404
63,0,3,15,0,90.25,72.08,2444
64,0,4,0,0,90.13,72.26,2484
65,0,4,1,0,90.34,72.2,2332
73,0,4,9,0,90.72,84.39,2128
74,0,4,10,0,90.66,84.35,2276
75,0,4,11,0,90.67,84.37,2260
76,0,4,12,0,90.7,94.85,1748
77,0,4,13,0,90.7,94.85,1748
203,1,0,11,0,89.58,10.27,940
203,1,0,11,1,78.23,4.7,24
203,1,0,11,2,82.5,13.46,20
204,1,0,12,0,86.88,8.33,44
204,1,0,12,1,93.66,14.19,28
204,1,0,12,2,77.5,4.81,16
204,1,0,12,3,80.94,5.13,16
204,1,0,12,4,96.09,13.3,16
205,1,0,13,0,82.68,9.62,28
205,1,0,13,1,77.81,4.81,24
205,1,0,13,2,93.12,14.1,20
205,1,0,13,3,80.47,5.29,16
205,1,0,13,4,95.62,9.29,16
206,1,0,14,0,93.66,14.01,28
206,1,0,14,1,95.21,9.4,24
206,1,0,14,2,85.75,8.21,20
206,1,0,14,3,80.31,5.13,16
206,1,0,14,4,82.81,13.46,16
207,1,0,15,0,95.38,13.58,112
207,1,0,15,1,82.5,9.78,32
207,1,0,15,2,77.71,4.91,24
207,1,0,15,3,79.62,10.38,20
207,1,0,15,4,93.59,9.13,16
208,1,1,0,0,94.16,11.8,456
208,1,1,0,1,78.93,13.1,28
209,1,1,1,0,90.38,10.52,1128
209,1,1,1,1,83.44,13.46,24
209,1,1,1,2,77.88,4.87,20
209,1,1,1,3,80.47,5.29,16
210,1,1,2,0,88.5,9.9,1800
215,1,1,7,0,89.14,27.88,2096
216,1,1,8,0,85.73,24.66,596
216,1,1,8,1,85.98,32.65,56
216,1,1,8,2,79.88,31.47,40
216,1,1,8,3,97.78,31.13,36
216,1,1,8,4,97.19,26.71,24
216,1,1,8,5,81.25,29.62,20
216,1,1,8,6,95.0,33.33,20
217,1,1,9,0,91.63,23.29,72
217,1,1,9,1,86.88,32.69,36
217,1,1,9,2,82.41,22.89,28
217,1,1,9,3,96.37,27.18,20
218,1,1,10,0,91.98,23.29,72
218,1,1,10,1,84.15,22.96,44
218,1,1,10,2,86.88,32.69,44
218,1,1,10,3,98.44,26.76,32
218,1,1,10,4,86.72,25.8,16
218,1,1,10,5,96.25,27.24,16
219,1,1,11,0,91.6,23.28,64
219,1,1,11,1,83.44,22.76,40
219,1,1,11,2,97.43,27.07,36
219,1,1,11,3,86.88,32.69,36
219,1,1,11,4,80.25,32.44,20
219,1,1,11,5,94.69,33.33,16
220,1,1,12,0,91.54,23.25,60
220,1,1,12,1,86.56,32.69,40
220,1,1,12,2,84.06,22.86,24
220,1,1,12,3,80.52,32.48,24
220,1,1,12,4,98.91,27.4,16
220,1,1,12,5,94.69,33.33,16
221,1,1,13,0,91.5,23.21,60
221,1,1,13,1,86.88,32.69,36
221,1,1,13,2,84.06,22.76,32
221,1,1,13,3,86.56,25.64,16
221,1,1,13,4,95.31,33.33,16
222,1,1,14,0,89.71,27.9,1524
222,1,1,14,1,80.13,31.0,56
228,1,2,4,0,89.52,47.86,1352
228,1,2,4,1,97.05,52.3,88
228,1,2,4,2,81.51,51.44,48
228,1,2,4,3,93.84,51.74,28
228,1,2,4,4,92.75,49.49,20
228,1,2,4,5,82.81,53.85,16
229,1,2,5,0,89.89,48.8,2308
230,1,2,6,0,89.86,48.77,2304
231,1,2,7,0,89.84,48.77,2312
232,1,2,8,0,89.81,48.75,2284
233,1,2,9,0,89.98,48.62,2204
234,1,2,10,0,90.01,48.67,2216
235,1,2,11,0,84.42,48.24,676
235,1,2,11,1,95.36,48.0,352
235,1,2,11,2,93.17,51.2,60
235,1,2,11,3,98.48,46.38,56
235,1,2,11,4,91.67,52.67,48
235,1,2,11,5,96.04,52.92,36
235,1,2,11,6,99.25,51.41,20
243,1,3,3,0,82.81,65.6,24
243,1,3,3,1,86.88,65.71,24
243,1,3,3,2,91.15,65.6,24
243,1,3,3,3,96.25,65.38,20
243,1,3,3,4,81.56,66.99,16
243,1,3,3,5,82.19,77.24,16
243,1,3,3,6,92.81,76.92,16
244,1,3,4,0,90.42,71.26,2216
245,1,3,5,0,90.44,71.32,2188
246,1,3,6,0,90.48,71.35,2188
247,1,3,7,0,85.69,71.38,1036
247,1,3,7,1,95.77,71.11,940
255,1,3,15,0,92.2,82.42,84
255,1,3,15,1,83.62,80.5,76
255,1,3,15,2,89.15,82.23,56
255,1,3,15,3,91.88,86.49,52
255,1,3,15,4,89.11,86.81,48
255,1,3,15,5,82.95,83.62,44
255,1,3,15,6,93.68,79.63,36
255,1,3,15,7,85.23,79.25,32
255,1,3,15,8,89.38,78.66,28
255,1,3,15,9,97.95,79.58,28
255,1,3,15,10,96.56,80.77,24
255,1,3,15,11,87.19,82.69,24
255,1,3,15,12,95.94,83.97,24
255,1,3,15,13,87.19,87.18,24
255,1,3,15,14,86.56,77.88,16
255,1,3,15,15,91.72,78.04,16
255,1,3,15,16,97.66,83.49,16
255,1,3,15,17,82.81,87.82,16
256,1,4,0,0,82.92,77.67,24
256,1,4,0,1,95.62,83.01,24
256,1,4,0,2,92.5,77.31,20
256,1,4,0,3,82.75,83.85,20
256,1,4,0,4,97.03,78.69,16
257,1,4,1,0,82.92,77.67,24
257,1,4,1,1,96.04,82.69,24
257,1,4,1,2,94.38,88.46,20
257,1,4,1,3,82.5,83.81,16
257,1,4,1,4,95.47,85.9,16
258,1,4,2,0,98.96,93.66,36
258,1,4,2,1,93.5,98.21,20
258,1,4,2,2,99.22,90.87,16
259,1,4,3,0,87.24,97.9,88
259,1,4,3,1,89.81,92.69,80
259,1,4,3,2,85.31,94.51,56
259,1,4,3,3,98.12,96.84,52
259,1,4,3,4,93.99,98.37,52
259,1,4,3,5,83.98,91.03,44
259,1,4,3,6,94.15,94.64,44
259,1,4,3,7,96.81,90.46,36
259,1,4,3,8,83.21,98.44,28
259,1,4,3,9,99.27,90.49,24
259,1,4,3,10,87.08,91.56,24
259,1,4,3,11,97.19,93.48,24
259,1,4,3,12,85.94,89.42,16
259,1,4,3,13,98.75,94.55,16
259,1,4,3,14,90.0,99.2,16
384,2,0,0,0,0.0,55.77,28
386,2,0,2,0,88.33,10.02,2212
386,2,0,2,1,0.52,49.79,24
386,2,0,2,2,0.0,55.77,20
387,2,0,3,0,88.37,9.98,2248
387,2,0,3,1,0.08,55.61,32
388,2,0,4,0,86.65,5.31,272
388,2,0,4,1,87.76,14.34,212
389,2,0,5,0,87.93,5.55,316
389,2,0,5,1,80.17,13.11,132
389,2,0,5,2,90.74,14.69,44
389,2,0,5,3,0.19,54.36,40
389,2,0,5,4,97.81,15.38,16
390,2,0,6,0,85.82,5.54,340
390,2,0,6,1,84.69,14.1,48
390,2,0,6,2,0.08,54.97,32
390,2,0,6,3,78.23,13.46,24
390,2,0,6,4,91.25,14.74,20
390,2,0,6,5,97.81,15.38,16
391,2,0,7,0,84.45,5.39,260
391,2,0,7,1,84.06,14.1,40
391,2,0,7,2,90.21,14.67,36
391,2,0,7,3,97.5,6.41,28
391,2,0,7,4,78.23,13.46,24
391,2,0,7,5,98.44,15.38,16
392,2,0,8,0,88.31,10.01,2192
393,2,0,9,0,92.51,10.32,796
393,2,0,9,1,81.41,9.62,564
396,2,0,12,0,0.17,54.37,44
397,2,0,13,0,0.0,56.73,16
398,2,0,14,0,88.7,27.75,1932
398,2,0,14,1,0.31,52.88,16
398,2,0,14,2,0.0,55.45,16
399,2,0,15,0,87.54,23.14,316
399,2,0,15,1,88.49,33.3,164
400,2,1,0,0,89.13,28.22,2372
400,2,1,0,1,0.18,53.75,28
401,2,1,1,0,89.1,28.25,2380
402,2,1,2,0,89.12,28.25,2356
402,2,1,2,1,0.21,53.74,24
402,2,1,2,2,0.21,56.73,24
402,2,1,2,3,0.38,49.49,20
403,2,1,3,0,89.12,28.24,2364
403,2,1,3,1,0.16,56.57,16
404,2,1,4,0,89.13,28.23,2360
404,2,1,4,1,0.0,54.17,16
405,2,1,5,0,89.4,28.22,1920
405,2,1,5,1,0.16,53.69,16
406,2,1,6,0,0.25,53.72,20
407,2,1,7,0,0.31,52.56,24
407,2,1,7,1,0.0,55.45,16
409,2,1,9,0,0.45,49.45,28
410,2,1,10,0,89.82,49.05,2468
410,2,1,10,1,0.38,50.13,20
411,2,1,11,0,88.13,48.82,584
412,2,1,12,0,88.17,49.04,576
413,2,1,13,0,87.11,44.48,328
413,2,1,13,1,89.79,54.77,248
413,2,1,13,2,0.47,49.52,16
414,2,1,14,0,88.62,48.75,584
415,2,1,15,0,91.36,54.26,380
415,2,1,15,1,87.31,44.43,332
416,2,2,0,0,90.02,50.36,1232
417,2,2,1,0,89.86,49.03,2428
418,2,2,2,0,0.0,54.81,32
419,2,2,3,0,0.94,49.04,16
420,2,2,4,0,0.38,49.23,20
421,2,2,5,0,0.0,55.45,24
422,2,2,6,0,0.87,47.56,20
424,2,2,8,0,0.0,55.13,28
425,2,2,9,0,90.3,71.44,2264
425,2,2,9,1,1.09,44.87,16
425,2,2,9,2,0.31,53.53,16
426,2,2,10,0,88.52,70.7,496
426,2,2,10,1,0.21,54.91,36
427,2,2,11,0,88.48,70.73,508
427,2,2,11,1,0.0,55.45,16
428,2,2,12,0,88.46,70.72,504
428,2,2,12,1,0.19,54.83,52
429,2,2,13,0,90.17,71.52,2064
429,2,2,13,1,0.0,54.49,20
430,2,2,14,0,85.89,71.55,1128
430,2,2,14,1,95.63,71.58,984
430,2,2,14,2,0.0,55.45,24
431,2,2,15,0,0.21,56.73,24
431,2,2,15,1,0.38,51.41,20
435,2,3,3,0,0.38,50.51,20
438,2,3,6,0,90.75,83.22,1976
439,2,3,7,0,90.56,83.34,2252
440,2,3,8,0,90.57,83.36,2244
440,2,3,8,1,91.59,96.69,148
440,2,3,8,2,0.47,49.36,16
441,2,3,9,0,90.85,94.27,1916
441,2,3,9,1,0.09,54.58,28
441,2,3,9,2,0.42,50.32,24
442,2,3,10,0,90.83,94.28,1920
442,2,3,10,1,0.0,56.09,16
443,2,3,11,0,0.09,55.31,28
445,2,3,13,0,0.31,52.88,16
445,2,3,13,1,0.0,55.45,16
447,2,3,15,0,0.62,49.36,24
450,2,4,2,0,0.16,55.77,16
451,2,4,3,0,0.42,49.89,24
451,2,4,3,1,0.12,53.97,20
452,2,4,4,0,0.31,53.53,24
452,2,4,4,1,0.25,56.54,20
453,2,4,5,0,0.0,55.45,24
456,2,4,8,0,0.78,44.07,16
465,2,5,1,0,0.78,44.07,16
469,2,5,5,0,0.0,52.88,16
479,2,5,15,0,0.31,50.0,16
514,2,8,2,0,0.31,49.68,16
525,2,8,13,0,0.0,53.53,32
534,2,9,6,0,0.12,52.18,20
537,2,9,9,0,0.0,52.56,20
551,2,10,7,0,0.25,49.23,20
552,2,10,8,0,0.62,43.91,16
575,2,11,15,0,0.0,53.53,16
580,3,0,4,0,59.13,26.57,4812
581,3,0,5,0,58.97,26.46,5036
582,3,0,6,0,59.08,26.47,5068
583,3,0,7,0,59.01,26.49,5064
584,3,0,8,0,58.84,26.48,5092
585,3,0,9,0,58.91,26.5,5116
586,3,0,10,0,59.14,26.44,5076
587,3,0,11,0,59.12,26.64,4608
593,3,1,1,0,59.33,47.9,5408
594,3,1,2,0,59.4,47.92,5584
595,3,1,3,0,59.27,47.91,5552
596,3,1,4,0,59.33,47.99,5652
597,3,1,5,0,59.33,47.84,5540
598,3,1,6,0,59.25,47.89,5608
599,3,1,7,0,59.28,47.95,5780
600,3,1,8,0,51.78,47.96,2844
608,3,2,0,0,59.5,71.21,1864
608,3,2,0,1,75.47,73.72,32
608,3,2,0,2,78.67,73.64,32
608,3,2,0,3,41.61,75.82,28
608,3,2,0,4,76.25,66.99,24
608,3,2,0,5,60.62,75.96,24
608,3,2,0,6,76.0,70.64,20
608,3,2,0,7,72.62,73.46,20
608,3,2,0,8,46.75,75.9,20
608,3,2,0,9,58.25,75.9,20
608,3,2,0,10,63.62,76.03,20
608,3,2,0,11,61.09,69.87,16
608,3,2,0,12,69.69,70.19,16
608,3,2,0,13,47.19,72.76,16
608,3,2,0,14,55.31,72.76,16
608,3,2,0,15,58.44,72.76,16
608,3,2,0,16,49.38,76.12,16
609,3,2,1,0,59.62,71.36,5928
610,3,2,2,0,59.65,71.38,5920
611,3,2,3,0,59.61,71.35,5896
612,3,2,4,0,59.79,71.39,5508
620,3,2,12,0,60.4,83.67,5272
621,3,2,13,0,60.12,83.71,5676
622,3,2,14,0,60.07,83.69,5680
623,3,2,15,0,60.24,94.52,4560
624,3,3,0,0,60.23,94.52,4548
774,4,0,6,0,53.23,8.86,1664
774,4,0,6,1,48.84,3.89,108
774,4,0,6,2,69.1,4.56,36
774,4,0,6,3,73.12,9.52,28
775,4,0,7,0,41.8,11.62,32
775,4,0,7,1,60.0,12.82,28
775,4,0,7,2,41.88,6.09,24
775,4,0,7,3,69.06,4.49,16
776,4,0,8,0,59.69,8.71,3456
777,4,0,9,0,59.55,8.65,3440
778,4,0,10,0,59.29,8.58,3344
779,4,0,11,0,59.27,8.64,3300
780,4,0,12,0,59.79,8.7,3324
781,4,0,13,0,53.42,8.23,1788
781,4,0,13,1,74.8,10.09,136
781,4,0,13,2,69.53,6.57,48
781,4,0,13,3,71.65,9.27,44
786,4,1,2,0,62.93,28.99,1828
786,4,1,2,1,52.96,25.13,732
786,4,1,2,2,65.94,22.44,64
786,4,1,2,3,78.12,23.72,44
786,4,1,2,4,44.89,29.66,44
786,4,1,2,5,62.11,24.76,32
787,4,1,3,0,57.59,32.47,80
787,4,1,3,1,40.99,29.22,68
787,4,1,3,2,72.5,32.69,60
787,4,1,3,3,77.33,22.9,44
787,4,1,3,4,49.83,32.11,44
787,4,1,3,5,41.56,22.44,40
787,4,1,3,6,46.62,21.92,20
787,4,1,3,7,51.88,22.28,16
787,4,1,3,8,44.06,32.05,16
788,4,1,4,0,41.55,29.74,100
788,4,1,4,1,57.81,32.51,72
788,4,1,4,2,72.19,32.69,64
788,4,1,4,3,66.25,22.44,60
788,4,1,4,4,41.7,22.16,28
788,4,1,4,5,58.57,21.89,28
788,4,1,4,6,77.77,22.99,28
788,4,1,4,7,51.56,32.05,24
788,4,1,4,8,47.81,32.05,16
789,4,1,5,0,43.85,28.78,200
789,4,1,5,1,71.34,32.75,88
789,4,1,5,2,53.52,22.3,76
789,4,1,5,3,57.81,32.51,72
789,4,1,5,4,64.06,22.44,40
789,4,1,5,5,46.75,22.05,20
789,4,1,5,6,79.5,32.82,20
789,4,1,5,7,69.06,22.44,16
789,4,1,5,8,77.19,23.08,16
790,4,1,6,0,41.51,27.68,156
790,4,1,6,1,57.43,32.54,68
790,4,1,6,2,72.19,32.69,64
790,4,1,6,3,63.75,22.44,36
790,4,1,6,4,46.48,22.04,32
790,4,1,6,5,56.88,22.44,28
790,4,1,6,6,51.98,32.16,24
790,4,1,6,7,69.38,22.44,20
790,4,1,6,8,73.75,23.08,20
790,4,1,6,9,47.5,32.05,20
790,4,1,6,10,77.81,23.08,16
791,4,1,7,0,42.35,27.77,188
791,4,1,7,1,73.09,32.76,72
791,4,1,7,2,57.57,32.47,68
791,4,1,7,3,51.25,22.22,36
791,4,1,7,4,46.56,22.12,32
791,4,1,7,5,57.19,22.44,24
791,4,1,7,6,62.5,22.44,20
791,4,1,7,7,69.38,22.44,20
791,4,1,7,8,65.94,22.44,16
791,4,1,7,9,73.44,23.08,16
791,4,1,7,10,51.56,32.05,16
792,4,1,8,0,41.53,27.82,160
792,4,1,8,1,71.34,32.75,88
792,4,1,8,2,54.05,22.33,76
792,4,1,8,3,57.81,32.51,72
792,4,1,8,4,66.25,22.44,60
792,4,1,8,5,46.56,22.12,32
792,4,1,8,6,78.0,23.21,20
792,4,1,8,7,51.25,32.05,20
792,4,1,8,8,73.44,23.08,16
792,4,1,8,9,47.81,32.05,16
793,4,1,9,0,59.94,27.47,4396
798,4,1,14,0,60.32,48.78,4952
799,4,1,15,0,59.65,48.72,4520
800,4,2,0,0,59.66,48.48,1000
800,4,2,0,1,78.24,48.6,44
800,4,2,0,2,77.75,52.63,40
800,4,2,0,3,60.16,45.99,32
800,4,2,0,4,74.22,48.48,32
800,4,2,0,5,70.7,49.44,32
800,4,2,0,6,60.42,50.32,24
800,4,2,0,7,67.88,47.82,20
800,4,2,0,8,75.94,46.79,16
800,4,2,0,9,73.75,53.04,16
801,4,2,1,0,59.55,48.09,964
801,4,2,1,1,70.94,48.76,64
801,4,2,1,2,77.83,52.39,60
801,4,2,1,3,75.13,47.25,56
801,4,2,1,4,78.39,48.31,56
801,4,2,1,5,60.31,49.87,40
801,4,2,1,6,63.96,46.01,36
801,4,2,1,7,67.66,47.2,32
801,4,2,1,8,41.88,46.47,24
801,4,2,1,9,70.38,53.08,20
801,4,2,1,10,60.62,45.67,16
802,4,2,2,0,59.04,48.17,1056
802,4,2,2,1,76.42,48.2,104
802,4,2,2,2,64.38,46.04,44
802,4,2,2,3,71.12,49.23,40
802,4,2,2,4,77.88,52.56,40
802,4,2,2,5,60.62,45.67,16
802,4,2,2,6,60.31,50.32,16
803,4,2,3,0,59.49,48.52,984
803,4,2,3,1,70.89,49.2,48
803,4,2,3,2,74.79,48.29,48
803,4,2,3,3,78.18,48.37,44
803,4,2,3,4,67.88,47.18,40
803,4,2,3,5,60.83,45.94,36
803,4,2,3,6,41.88,47.12,32
803,4,2,3,7,60.62,50.18,28
803,4,2,3,8,77.71,52.78,24
803,4,2,3,9,72.19,47.12,16
803,4,2,3,10,48.12,50.32,16
804,4,2,4,0,59.31,48.29,916
804,4,2,4,1,78.28,48.72,64
804,4,2,4,2,74.55,48.48,44
804,4,2,4,3,70.94,49.62,40
804,4,2,4,4,60.36,45.79,28
804,4,2,4,5,56.88,50.75,24
804,4,2,4,6,60.31,50.64,24
804,4,2,4,7,41.88,45.83,16
804,4,2,4,8,64.06,46.15,16
805,4,2,5,0,60.02,48.73,4708
806,4,2,6,0,65.25,48.91,3624
806,4,2,6,1,44.37,48.52,1028
814,4,2,14,0,61.04,72.27,5204
815,4,2,15,0,60.66,72.12,5360
816,4,3,0,0,60.64,72.12,5356
817,4,3,1,0,60.64,72.12,5356
818,4,3,2,0,60.56,72.12,5324
826,4,3,10,0,60.31,84.17,4304
827,4,3,11,0,40.89,78.48,28
827,4,3,11,1,40.73,90.17,24
827,4,3,11,2,40.16,87.82,16
828,4,3,12,0,40.75,78.33,20
829,4,3,13,0,57.96,83.68,1788
829,4,3,13,1,44.21,83.67,1048
829,4,3,13,2,40.12,93.97,20
830,4,3,14,0,40.34,97.61,44
830,4,3,14,1,79.27,91.45,24
830,4,3,14,2,68.54,93.48,24
830,4,3,14,3,71.88,93.91,24
830,4,3,14,4,73.5,92.82,20
830,4,3,14,5,70.47,92.15,16
830,4,3,14,6,40.16,93.59,16
830,4,3,14,7,54.84,96.31,16
831,4,3,15,0,40.62,90.71,24
960,5,0,0,0,59.39,8.25,1224
960,5,0,0,1,0.16,53.21,16
960,5,0,0,2,0.0,56.09,16
961,5,0,1,0,59.27,8.27,1256
962,5,0,2,0,59.23,8.05,1208
962,5,0,2,1,0.21,55.98,24
962,5,0,2,2,0.16,52.56,16
963,5,0,3,0,59.83,8.89,3816
963,5,0,3,1,0.21,55.41,36
963,5,0,3,2,0.31,51.92,16
966,5,0,6,0,0.42,51.5,48
967,5,0,7,0,0.25,52.69,20
968,5,0,8,0,0.25,53.08,20
969,5,0,9,0,60.17,27.65,4520
969,5,0,9,1,0.08,53.04,32
970,5,0,10,0,60.25,27.6,4652
970,5,0,10,1,0.23,55.85,32
970,5,0,10,2,0.62,49.04,16
971,5,0,11,0,60.27,27.63,4644
971,5,0,11,1,0.62,48.72,20
972,5,0,12,0,60.27,27.6,4652
972,5,0,12,1,0.21,52.03,24
972,5,0,12,2,0.0,56.09,16
973,5,0,13,0,59.85,26.38,1100
973,5,0,13,1,0.94,48.4,32
973,5,0,13,2,0.16,55.13,32
974,5,0,14,0,60.89,26.69,1180
974,5,0,14,1,0.26,53.9,48
975,5,0,15,0,60.29,27.63,4728
975,5,0,15,1,0.23,53.9,44
975,5,0,15,2,0.94,50.32,16
976,5,1,0,0,52.91,27.07,2220
976,5,1,0,1,66.43,23.44,28
976,5,1,0,2,0.27,52.75,28
979,5,1,3,0,0.07,54.56,36
979,5,1,3,1,0.62,47.76,16
980,5,1,4,0,0.12,56.03,20
981,5,1,5,0,60.36,48.93,5424
981,5,1,5,1,0.16,52.56,16
981,5,1,5,2,0.0,56.09,16
982,5,1,6,0,60.21,48.5,1360
982,5,1,6,1,0.0,55.45,24
983,5,1,7,0,59.69,48.41,1236
983,5,1,7,1,0.0,54.17,32
984,5,1,8,0,59.87,48.15,1288
984,5,1,8,1,0.23,54.14,44
985,5,1,9,0,60.3,48.93,5420
986,5,1,10,0,60.3,48.96,5404
987,5,1,11,0,60.21,49.02,5300
987,5,1,11,1,0.0,53.85,20
988,5,1,12,0,59.47,48.96,4560
988,5,1,12,1,0.0,54.81,24
989,5,1,13,0,0.25,52.05,20
990,5,1,14,0,0.31,54.17,72
991,5,1,15,0,0.31,52.88,40
992,5,2,0,0,0.58,50.27,56
994,5,2,2,0,0.27,51.83,28
994,5,2,2,1,0.0,55.77,20
995,5,2,3,0,0.07,54.56,36
996,5,2,4,0,61.03,72.25,5528
996,5,2,4,1,0.62,49.87,60
997,5,2,5,0,60.33,72.43,1332
997,5,2,5,1,0.27,52.38,28
997,5,2,5,2,1.35,43.7,24
997,5,2,5,3,0.73,47.22,24
998,5,2,6,0,60.4,72.38,1328
998,5,2,6,1,0.94,49.04,24
999,5,2,7,0,60.88,72.56,1408
1000,5,2,8,0,60.57,72.39,5760
1000,5,2,8,1,0.1,55.77,24
1001,5,2,9,0,0.12,54.81,40
1002,5,2,10,0,0.12,56.15,20
1003,5,2,11,0,0.25,52.69,20
1003,5,2,11,1,0.0,55.45,16
1004,5,2,12,0,0.06,53.9,44
1005,5,2,13,0,0.16,56.41,16
1006,5,2,14,0,0.0,55.45,16
1007,5,2,15,0,0.09,55.04,28
1007,5,2,15,1,0.47,49.36,16
1008,5,3,0,0,61.0,84.43,5220
1008,5,3,0,1,0.09,53.66,28
1008,5,3,0,2,0.62,48.72,20
1009,5,3,1,0,60.05,84.15,5188
1009,5,3,1,1,0.25,55.26,20
1009,5,3,1,2,0.16,52.4,16
1010,5,3,2,0,56.0,82.67,2336
1010,5,3,2,1,0.0,55.77,20
1011,5,3,3,0,61.11,88.73,9104
1011,5,3,3,1,0.34,53.03,44
1012,5,3,4,0,61.1,94.87,3428
1012,5,3,4,1,0.16,54.81,32
1013,5,3,5,0,61.16,94.86,3992
1013,5,3,5,1,0.38,51.89,72
1015,5,3,7,0,0.0,56.09,16
1016,5,3,8,0,0.0,55.13,28
1017,5,3,9,0,0.21,54.81,24
1018,5,3,10,0,0.25,53.97,20
1019,5,3,11,0,0.21,55.98,24
1019,5,3,11,1,0.62,48.4,16
1020,5,3,12,0,0.0,56.09,16
1021,5,3,13,0,0.17,54.2,44
1023,5,3,15,0,0.25,52.88,40
1024,5,4,0,0,0.07,54.13,36
1025,5,4,1,0,0.71,48.9,28
1025,5,4,1,1,0.1,55.77,24
1028,5,4,4,0,0.18,55.86,28
1029,5,4,5,0,0.44,51.03,40
1030,5,4,6,0,0.16,53.85,16
1031,5,4,7,0,0.1,54.7,48
1032,5,4,8,0,0.45,52.7,56
1033,5,4,9,0,0.23,53.9,44
1034,5,4,10,0,0.09,55.49,28
1034,5,4,10,1,1.12,45.64,20
1035,5,4,11,0,0.0,55.77,20
1035,5,4,11,1,0.31,52.24,16
1036,5,4,12,0,0.1,55.02,24
1038,5,4,14,0,0.0,54.49,28
1039,5,4,15,0,0.31,52.88,40
1040,5,5,0,0,0.27,53.39,28
1041,5,5,1,0,0.0,54.49,36
1042,5,5,2,0,0.24,54.44,52
1043,5,5,3,0,0.38,51.47,40
1043,5,5,3,1,0.0,56.09,16
1044,5,5,4,0,0.16,55.13,32
1044,5,5,4,1,0.42,50.96,24
1044,5,5,4,2,0.75,45.13,20
1045,5,5,5,0,0.18,52.93,28
1045,5,5,5,1,1.09,46.15,16
1045,5,5,5,2,0.16,56.25,16
1047,5,5,7,0,0.31,51.92,16
1048,5,5,8,0,0.27,53.11,28
1049,5,5,9,0,0.27,52.51,92
1050,5,5,10,0,0.43,50.64,52
1050,5,5,10,1,0.0,56.09,16
1051,5,5,11,0,0.0,55.45,16
1052,5,5,12,0,0.25,55.58,40
1053,5,5,13,0,0.27,53.39,28
1056,5,6,0,0,0.31,52.56,24
1057,5,6,1,0,0.62,48.72,36
1058,5,6,2,0,0.25,55.45,40
1059,5,6,3,0,0.31,51.92,24
1060,5,6,4,0,0.1,54.91,24
1061,5,6,5,0,0.12,54.81,40
1062,5,6,6,0,0.0,55.45,24
1062,5,6,6,1,0.62,49.68,16
1063,5,6,7,0,0.09,55.59,28
1063,5,6,7,1,0.31,51.92,24
1063,5,6,7,2,0.78,44.23,16
1064,5,6,8,0,0.36,54.85,28
1065,5,6,9,0,0.0,56.09,16
1066,5,6,10,0,0.36,52.87,84
1067,5,6,11,0,0.25,52.69,20
1067,5,6,11,1,0.16,55.93,16
1068,5,6,12,0,0.12,54.68,40
1070,5,6,14,0,0.31,51.6,24
1070,5,6,14,1,0.12,55.38,20
1071,5,6,15,0,0.45,50.47,44
1071,5,6,15,1,0.16,55.61,16
1072,5,7,0,0,0.25,53.85,60
1073,5,7,1,0,0.12,54.42,40
1074,5,7,2,0,0.0,55.45,16
1075,5,7,3,0,0.16,53.37,32
1075,5,7,3,1,1.56,41.35,16
1077,5,7,5,0,0.27,52.75,28
1078,5,7,6,0,0.16,54.33,48
1078,5,7,6,1,0.78,47.92,16
1079,5,7,7,0,0.0,54.81,16
1080,5,7,8,0,0.25,53.63,60
1081,5,7,9,0,0.94,45.51,24
1081,5,7,9,1,0.16,53.21,16
1082,5,7,10,0,0.7,49.2,32
1082,5,7,10,1,0.25,52.69,20
1083,5,7,11,0,0.06,54.49,40
1084,5,7,12,0,0.14,54.77,36
1085,5,7,13,0,0.21,53.31,48
1086,5,7,14,0,0.25,54.94,40
1087,5,7,15,0,0.49,50.14,36
1087,5,7,15,1,0.0,56.09,16
1088,5,8,0,0,0.21,55.13,36
1089,5,8,1,0,0.86,48.48,32
1089,5,8,1,1,0.16,53.37,16
1091,5,8,3,0,0.0,55.13,28
1091,5,8,3,1,0.47,50.64,16
1092,5,8,4,0,0.16,52.56,32
1093,5,8,5,0,0.0,55.13,20
1094,5,8,6,0,0.21,54.59,48
1094,5,8,6,1,0.75,50.9,20
1096,5,8,8,0,0.0,55.45,16
1097,5,8,9,0,0.0,55.45,16
1098,5,8,10,0,0.23,53.85,32
1099,5,8,11,0,0.08,54.57,32
1100,5,8,12,0,0.27,53.39,28
1101,5,8,13,0,0.31,52.56,32
1101,5,8,13,1,0.78,44.39,16
1102,5,8,14,0,0.4,52.86,44
1103,5,8,15,0,0.0,54.17,32
1105,5,9,1,0,0.16,54.06,48
1106,5,9,2,0,0.16,53.37,32
1107,5,9,3,0,0.27,54.62,56
1108,5,9,4,0,0.25,53.21,20
1108,5,9,4,1,0.62,49.52,16
1109,5,9,5,0,0.1,53.85,24
1110,5,9,6,0,0.78,48.72,16
1112,5,9,8,0,0.34,50.7,44
1112,5,9,8,1,0.21,55.45,24
1113,5,9,9,0,0.16,54.01,32
1115,5,9,11,0,0.31,53.53,16
1116,5,9,12,0,0.4,50.27,56
1117,5,9,13,0,0.62,49.04,32
1118,5,9,14,0,0.0,52.56,20
1118,5,9,14,1,0.47,49.2,16
1119,5,9,15,0,0.25,53.08,20
1120,5,10,0,0,0.42,51.92,36
1121,5,10,1,0,0.49,50.0,36
1121,5,10,1,1,0.12,54.74,20
1122,5,10,2,0,0.0,55.45,16
1125,5,10,5,0,0.31,53.21,32
1126,5,10,6,0,0.31,55.45,16
1127,5,10,7,0,0.18,53.11,28
1128,5,10,8,0,0.19,53.91,40
1128,5,10,8,1,0.5,49.1,20
1129,5,10,9,0,0.31,51.28,32
1130,5,10,10,0,0.27,52.2,28
1134,5,10,14,0,0.16,55.13,32
1135,5,10,15,0,0.78,48.56,16
1136,5,11,0,0,0.36,52.38,28
1139,5,11,3,0,0.21,52.88,24
1140,5,11,4,0,0.25,52.82,20
1141,5,11,5,0,0.0,55.13,20
1141,5,11,5,1,0.31,52.24,16
1142,5,11,6,0,0.17,53.96,44
1144,5,11,8,0,0.0,54.81,32
1145,5,11,9,0,0.1,55.66,24
1147,5,11,11,0,0.18,54.85,28
1150,5,11,14,0,0.27,54.17,56
1151,5,11,15,0,0.16,53.37,32
1152,6,0,0,0,22.99,26.89,4572
1153,6,0,1,0,22.9,26.84,4592
1154,6,0,2,0,22.78,26.88,4584
1155,6,0,3,0,22.77,26.93,4540
1156,6,0,4,0,22.7,26.96,4564
1157,6,0,5,0,22.83,27.02,4564
1158,6,0,6,0,22.85,27.09,4404
1163,6,0,11,0,21.18,48.25,5196
1164,6,0,12,0,20.96,48.18,5360
1165,6,0,13,0,20.93,48.12,5408
1166,6,0,14,0,20.96,48.14,5424
1167,6,0,15,0,20.87,48.15,5428
1168,6,1,0,0,20.89,48.14,5408
1169,6,1,1,0,20.97,48.17,5432
1170,6,1,2,0,21.02,48.22,5340
1171,6,1,3,0,20.71,48.29,4728
1175,6,1,7,0,0.0,75.32,16
1178,6,1,10,0,8.27,71.44,340
1178,6,1,10,1,23.65,71.86,252
1179,6,1,11,0,20.24,71.3,5444
1180,6,1,12,0,20.24,71.38,5412
1181,6,1,13,0,20.28,71.43,5356
1182,6,1,14,0,20.25,71.39,5364
1183,6,1,15,0,20.24,71.45,5228
1191,6,2,7,0,20.08,83.42,5344
1192,6,2,8,0,16.67,85.32,4804
1193,6,2,9,0,16.66,85.31,4776
1193,6,2,9,1,0.0,98.08,20
1194,6,2,10,0,18.64,94.15,4108
1195,6,2,11,0,19.11,94.09,4508
1206,6,3,6,0,6.9,99.26,100
1207,6,3,7,0,1.88,99.36,28
1207,6,3,7,1,13.12,99.36,28
1207,6,3,7,2,9.06,99.36,16
1208,6,3,8,0,1.25,99.36,20
1249,6,6,1,0,0.0,67.31,28
1253,6,6,5,0,0.0,65.06,24
1254,6,6,6,0,0.0,69.23,20
1258,6,6,10,0,0.0,73.08,20
1264,6,7,0,0,0.0,71.47,32
1283,6,8,3,0,0.0,70.51,36
1284,6,8,4,0,0.0,70.83,24
1310,6,9,14,0,0.0,71.79,28
1311,6,9,15,0,0.0,69.23,36
1312,6,10,0,0,0.0,72.12,40
1313,6,10,1,0,0.0,69.23,28
1314,6,10,2,0,0.0,70.19,24
1318,6,10,6,0,0.0,70.51,20
1319,6,10,7,0,0.0,71.47,32
1320,6,10,8,0,0.0,71.79,28
1321,6,10,9,0,0.0,73.08,20
1322,6,10,10,0,0.0,71.47,32
1324,6,10,12,0,0.0,72.44,20
1326,6,10,14,0,0.0,71.79,20
1329,6,11,1,0,0.0,72.44,20
1330,6,11,2,0,0.0,68.59,28
1331,6,11,3,0,0.0,70.19,32
1346,7,0,2,0,26.52,52.27,1176
1346,7,0,2,1,20.44,44.05,708
1346,7,0,2,2,39.57,46.23,64
1346,7,0,2,3,28.5,46.54,20
1346,7,0,2,4,19.22,50.8,16
1347,7,0,3,0,34.75,54.14,132
1347,7,0,3,1,22.72,54.07,104
1347,7,0,3,2,7.2,53.97,84
1347,7,0,3,3,40.34,46.94,52
1347,7,0,3,4,37.55,42.68,48
1347,7,0,3,5,20.86,42.71,32
1347,7,0,3,6,29.2,42.67,28
1347,7,0,3,7,10.0,42.95,28
1347,7,0,3,8,14.46,54.03,28
1347,7,0,3,9,15.83,42.84,24
1347,7,0,3,10,24.75,42.69,20
1347,7,0,3,11,33.12,42.79,16
1348,7,0,4,0,36.32,54.15,108
1348,7,0,4,1,26.15,42.83,104
1348,7,0,4,2,36.23,42.69,100
1348,7,0,4,3,7.09,53.94,80
1348,7,0,4,4,40.4,47.14,44
1348,7,0,4,5,26.25,54.06,36
1348,7,0,4,6,14.46,54.03,28
1348,7,0,4,7,18.84,54.03,28
1348,7,0,4,8,10.31,42.95,24
1348,7,0,4,9,29.9,54.06,24
1348,7,0,4,10,15.62,42.95,20
1348,7,0,4,11,22.37,53.97,20
1349,7,0,5,0,29.17,42.77,216
1349,7,0,5,1,24.39,54.06,132
1349,7,0,5,2,8.62,53.96,112
1349,7,0,5,3,36.48,54.15,100
1349,7,0,5,4,12.19,42.95,88
1349,7,0,5,5,40.44,47.18,40
1349,7,0,5,6,2.78,43.59,36
1350,7,0,6,0,21.81,48.49,4408
1351,7,0,7,0,21.8,48.47,4440
1352,7,0,8,0,21.66,48.62,4636
1353,7,0,9,0,24.52,48.51,2852
1353,7,0,9,1,5.43,48.24,664
1361,7,1,1,0,20.37,71.55,4820
1362,7,1,2,0,4.54,71.48,500
1362,7,1,2,1,26.79,77.62,172
1362,7,1,2,2,38.56,68.4,108
1362,7,1,2,3,15.17,65.64,100
1362,7,1,2,4,11.77,69.62,92
1362,7,1,2,5,23.72,65.96,84
1362,7,1,2,6,29.64,65.93,56
1362,7,1,2,7,12.45,74.85,52
1362,7,1,2,8,16.56,70.58,40
1362,7,1,2,9,23.91,73.72,32
1362,7,1,2,10,19.38,67.77,28
1362,7,1,2,11,19.58,70.94,24
1362,7,1,2,12,3.44,76.92,24
1362,7,1,2,13,7.81,76.92,24
1362,7,1,2,14,12.81,77.35,24
1362,7,1,2,15,38.75,77.88,24
1362,7,1,2,16,23.0,67.56,20
1362,7,1,2,17,17.88,74.1,20
1362,7,1,2,18,39.75,76.15,20
1362,7,1,2,19,1.09,65.54,16
1362,7,1,2,20,15.47,67.79,16
1362,7,1,2,21,23.91,70.51,16
1362,7,1,2,22,33.75,75.96,16
1363,7,1,3,0,6.5,72.57,500
1363,7,1,3,1,32.8,77.42,236
1363,7,1,3,2,35.13,67.41,168
1363,7,1,3,3,6.77,69.91,124
1363,7,1,3,4,20.02,66.27,116
1363,7,1,3,5,10.71,65.55,92
1363,7,1,3,6,5.62,76.92,52
1363,7,1,3,7,16.15,71.47,48
1363,7,1,3,8,16.02,74.68,32
1363,7,1,3,9,16.72,77.4,32
1363,7,1,3,10,24.82,65.75,28
1363,7,1,3,11,1.38,65.51,20
1363,7,1,3,12,24.0,73.59,20
1363,7,1,3,13,12.88,77.44,20
1363,7,1,3,14,15.47,67.95,16
1363,7,1,3,15,20.0,70.19,16
1363,7,1,3,16,22.97,70.67,16
1363,7,1,3,17,26.72,72.92,16
1363,7,1,3,18,30.16,73.08,16
1363,7,1,3,19,23.75,75.96,16
1363,7,1,3,20,30.47,76.12,16
1364,7,1,4,0,29.72,74.64,1216
1364,7,1,4,1,1.98,72.35,220
1364,7,1,4,2,10.3,74.81,124
1364,7,1,4,3,23.29,66.19,108
1364,7,1,4,4,11.36,69.55,88
1364,7,1,4,5,6.68,68.35,76
1364,7,1,4,6,16.12,71.37,60
1364,7,1,4,7,7.29,71.84,60
1364,7,1,4,8,12.81,65.52,56
1364,7,1,4,9,19.55,70.4,44
1364,7,1,4,10,5.31,76.92,40
1364,7,1,4,11,18.33,65.6,36
1364,7,1,4,12,26.25,69.63,32
1364,7,1,4,13,1.38,65.51,20
1364,7,1,4,14,6.25,65.38,20
1364,7,1,4,15,23.44,70.19,16
1365,7,1,5,0,20.5,71.59,4944
1373,7,1,13,0,20.12,83.54,4960
1374,7,1,14,0,3.24,80.62,328
1374,7,1,14,1,12.38,79.82,148
1374,7,1,14,2,22.7,78.68,140
1374,7,1,14,3,16.72,80.42,80
1374,7,1,14,4,31.25,89.74,36
1374,7,1,14,5,29.17,78.1,24
1374,7,1,14,6,37.19,78.21,24
1374,7,1,14,7,38.88,90.0,20
1374,7,1,14,8,32.81,78.21,16
1374,7,1,14,9,39.84,82.05,16
1374,7,1,14,10,4.69,85.58,16
1374,7,1,14,11,39.84,87.66,16
1374,7,1,14,12,13.44,89.1,16
1375,7,1,15,0,30.31,89.74,16
1376,7,2,0,0,23.08,85.48,4436
1376,7,2,0,1,3.54,87.02,1452
1378,7,2,2,0,31.95,94.96,1256
1378,7,2,2,1,16.19,94.64,1248
1378,7,2,2,2,3.42,94.02,560
1536,8,0,0,0,13.95,48.62,2492
1543,8,0,7,0,31.51,72.13,2256
1543,8,0,7,1,8.41,71.97,344
1544,8,0,8,0,20.73,71.75,5284
1545,8,0,9,0,20.76,71.77,5280
1546,8,0,10,0,20.8,71.76,5288
1547,8,0,11,0,20.67,71.79,5240
1548,8,0,12,0,20.74,71.76,4880
1556,8,1,4,0,20.31,83.77,5252
1557,8,1,5,0,19.88,83.82,988
1557,8,1,5,1,3.12,84.8,28
1557,8,1,5,2,7.88,86.41,20
1558,8,1,6,0,20.14,83.9,996
1558,8,1,6,1,2.75,84.36,20
1558,8,1,6,2,1.56,86.86,16
1559,8,1,7,0,20.05,95.08,3432
1559,8,1,7,1,12.1,91.96,44
1559,8,1,7,2,16.33,91.67,32
1560,8,1,8,0,19.5,94.5,4180